order_id,order_date,customer_id,region,product_id,product_name,category,unit_price,quantity,discount,revenue
O0001,2026-08-01,C038,East,P007,Desk Lamp,Home,1100,1,0,1100
O0002,2026-02-23,C075,South,P004,Yoga Mat,Sports,900,1,0,900
O0003,2026-04-06,C080,West,P008,Notebook Set,Stationery,450,1,0.1,405.0
O0004,2026-05-04,C074,West,P003,Running Shoes,Sports,2600,3,0,7800
O0005,2026-06-10,C020,North,P005,Backpack,Lifestyle,1500,3,0.1,4050.0
O0006,2026-03-05,C093,North,P004,Yoga Mat,Sports,900,1,0.15,765.0
O0007,2026-05-22,C026,West,P007,Desk Lamp,Home,1100,3,0.1,2970.0
O0008,2026-01-21,C054,West,P001,Wireless Earbuds,Electronics,1800,1,0,1800
O0009,2026-05-12,C033,West,P004,Yoga Mat,Sports,900,2,0.05,1710.0
O0010,2026-03-07,C054,West,P008,Notebook Set,Stationery,450,1,0,450
O0011,2026-08-26,C093,North,P002,Power Bank,Electronics,1200,1,0.05,1140.0
O0012,2026-05-24,C084,West,P002,Power Bank,Electronics,1200,1,0,1200
O0013,2026-07-11,C003,West,P002,Power Bank,Electronics,1200,1,0.05,1140.0
O0014,2026-03-05,C008,North,P001,Wireless Earbuds,Electronics,1800,1,0,1800
O0015,2026-05-16,C074,West,P003,Running Shoes,Sports,2600,1,0,2600
O0016,2026-08-17,C058,North,P006,Water Bottle,Lifestyle,700,2,0.15,1190.0
O0017,2026-05-14,C075,South,P003,Running Shoes,Sports,2600,2,0,5200
O0018,2026-05-02,C046,East,P005,Backpack,Lifestyle,1500,4,0,6000
O0019,2026-06-03,C082,North,P002,Power Bank,Electronics,1200,1,0.15,1020.0
O0020,2026-03-21,C041,North,P003,Running Shoes,Sports,2600,5,0,13000
O0021,2026-04-26,C070,North,P006,Water Bottle,Lifestyle,700,2,0.15,1190.0
O0022,2026-07-08,C091,South,P003,Running Shoes,Sports,2600,2,0,5200
O0023,2026-04-01,C011,South,P008,Notebook Set,Stationery,450,3,0.05,1282.5
O0024,2026-07-22,C004,South,P008,Notebook Set,Stationery,450,2,0.1,810.0
O0025,2026-06-19,C049,North,P007,Desk Lamp,Home,1100,2,0.1,1980.0
O0026,2026-01-19,C011,South,P002,Power Bank,Electronics,1200,2,0,2400
O0027,2026-08-14,C054,West,P006,Water Bottle,Lifestyle,700,1,0.15,595.0
O0028,2026-06-27,C075,South,P008,Notebook Set,Stationery,450,1,0.1,405.0
O0029,2026-01-22,C067,North,P001,Wireless Earbuds,Electronics,1800,1,0,1800
O0030,2026-05-04,C003,West,P004,Yoga Mat,Sports,900,4,0,3600
O0031,2026-05-08,C100,East,P008,Notebook Set,Stationery,450,1,0,450
O0032,2026-04-05,C039,South,P003,Running Shoes,Sports,2600,2,0,5200
O0033,2026-05-13,C022,South,P006,Water Bottle,Lifestyle,700,2,0.05,1330.0
O0034,2026-05-08,C031,North,P006,Water Bottle,Lifestyle,700,1,0,700
O0035,2026-02-20,C082,North,P007,Desk Lamp,Home,1100,3,0,3300
O0036,2026-08-14,C028,South,P007,Desk Lamp,Home,1100,1,0,1100
O0037,2026-02-23,C018,North,P003,Running Shoes,Sports,2600,1,0,2600
O0038,2026-07-02,C009,West,P005,Backpack,Lifestyle,1500,3,0,4500
O0039,2026-04-26,C061,East,P005,Backpack,Lifestyle,1500,4,0.05,5700.0
O0040,2026-04-08,C081,West,P008,Notebook Set,Stationery,450,2,0.15,765.0
O0041,2026-08-03,C080,West,P008,Notebook Set,Stationery,450,1,0,450
O0042,2026-03-13,C078,South,P001,Wireless Earbuds,Electronics,1800,2,0,3600
O0043,2026-05-27,C046,East,P005,Backpack,Lifestyle,1500,2,0.1,2700.0
O0044,2026-01-05,C083,West,P003,Running Shoes,Sports,2600,1,0,2600
O0045,2026-01-07,C099,North,P005,Backpack,Lifestyle,1500,1,0,1500
O0046,2026-07-23,C007,South,P002,Power Bank,Electronics,1200,1,0.15,1020.0
O0047,2026-05-18,C084,West,P006,Water Bottle,Lifestyle,700,4,0.15,2380.0
O0048,2026-02-20,C026,West,P008,Notebook Set,Stationery,450,1,0.15,382.5
O0049,2026-01-03,C097,West,P008,Notebook Set,Stationery,450,2,0,900
O0050,2026-02-15,C029,East,P005,Backpack,Lifestyle,1500,2,0.1,2700.0
O0051,2026-06-28,C067,North,P003,Running Shoes,Sports,2600,1,0.15,2210.0
O0052,2026-08-20,C029,East,P002,Power Bank,Electronics,1200,1,0.15,1020.0
O0053,2026-04-10,C017,North,P008,Notebook Set,Stationery,450,1,0.15,382.5
O0054,2026-08-16,C001,West,P007,Desk Lamp,Home,1100,2,0.15,1870.0
O0055,2026-08-14,C065,North,P006,Water Bottle,Lifestyle,700,1,0.15,595.0
O0056,2026-02-22,C013,North,P002,Power Bank,Electronics,1200,1,0.05,1140.0
O0057,2026-01-23,C040,East,P006,Water Bottle,Lifestyle,700,1,0.15,595.0
O0058,2026-08-08,C003,West,P006,Water Bottle,Lifestyle,700,2,0,1400
O0059,2026-04-23,C044,West,P007,Desk Lamp,Home,1100,2,0.05,2090.0
O0060,2026-08-24,C004,South,P004,Yoga Mat,Sports,900,3,0,2700
O0061,2026-04-20,C005,South,P003,Running Shoes,Sports,2600,2,0.15,4420.0
O0062,2026-07-21,C018,North,P008,Notebook Set,Stationery,450,1,0.1,405.0
O0063,2026-08-19,C093,North,P008,Notebook Set,Stationery,450,4,0.05,1710.0
O0064,2026-05-29,C089,North,P002,Power Bank,Electronics,1200,2,0.05,2280.0
O0065,2026-05-15,C072,North,P005,Backpack,Lifestyle,1500,3,0.1,4050.0
O0066,2026-06-13,C022,South,P005,Backpack,Lifestyle,1500,1,0.05,1425.0
O0067,2026-08-05,C079,South,P004,Yoga Mat,Sports,900,1,0,900
O0068,2026-05-20,C068,South,P005,Backpack,Lifestyle,1500,2,0,3000
O0069,2026-04-16,C069,South,P002,Power Bank,Electronics,1200,2,0.1,2160.0
O0070,2026-04-07,C004,South,P001,Wireless Earbuds,Electronics,1800,2,0.05,3420.0
O0071,2026-05-20,C073,West,P002,Power Bank,Electronics,1200,1,0.15,1020.0
O0072,2026-02-12,C009,West,P008,Notebook Set,Stationery,450,1,0.05,427.5
O0073,2026-03-10,C032,North,P008,Notebook Set,Stationery,450,1,0,450
O0074,2026-04-22,C061,East,P006,Water Bottle,Lifestyle,700,1,0.05,665.0
O0075,2026-06-08,C004,South,P005,Backpack,Lifestyle,1500,1,0,1500
O0076,2026-01-10,C025,East,P003,Running Shoes,Sports,2600,1,0.15,2210.0
O0077,2026-03-14,C042,North,P006,Water Bottle,Lifestyle,700,1,0.05,665.0
O0078,2026-01-27,C064,East,P002,Power Bank,Electronics,1200,3,0.1,3240.0
O0079,2026-03-06,C092,West,P004,Yoga Mat,Sports,900,2,0.05,1710.0
O0080,2026-01-06,C049,North,P007,Desk Lamp,Home,1100,3,0.1,2970.0
O0081,2026-02-10,C069,South,P004,Yoga Mat,Sports,900,3,0.1,2430.0
O0082,2026-06-13,C028,South,P004,Yoga Mat,Sports,900,3,0.1,2430.0
O0083,2026-05-31,C018,North,P004,Yoga Mat,Sports,900,3,0.15,2295.0
O0084,2026-07-27,C045,North,P003,Running Shoes,Sports,2600,1,0,2600
O0085,2026-08-17,C025,East,P004,Yoga Mat,Sports,900,2,0,1800
O0086,2026-08-16,C013,North,P003,Running Shoes,Sports,2600,3,0,7800
O0087,2026-07-06,C012,North,P005,Backpack,Lifestyle,1500,1,0.05,1425.0
O0088,2026-08-02,C054,West,P003,Running Shoes,Sports,2600,1,0.15,2210.0
O0089,2026-06-25,C003,West,P002,Power Bank,Electronics,1200,1,0.15,1020.0
O0090,2026-04-02,C047,West,P002,Power Bank,Electronics,1200,2,0.15,2040.0
O0091,2026-07-14,C044,West,P004,Yoga Mat,Sports,900,3,0.05,2565.0
O0092,2026-01-28,C004,South,P001,Wireless Earbuds,Electronics,1800,2,0.1,3240.0
O0093,2026-05-12,C073,West,P008,Notebook Set,Stationery,450,1,0,450
O0094,2026-01-30,C027,South,P003,Running Shoes,Sports,2600,3,0,7800
O0095,2026-08-26,C087,East,P002,Power Bank,Electronics,1200,2,0,2400
O0096,2026-06-24,C060,East,P002,Power Bank,Electronics,1200,2,0,2400
O0097,2026-04-11,C060,East,P007,Desk Lamp,Home,1100,2,0.05,2090.0
O0098,2026-02-23,C077,West,P006,Water Bottle,Lifestyle,700,1,0.15,595.0
O0099,2026-01-11,C026,West,P003,Running Shoes,Sports,2600,1,0,2600
O0100,2026-07-09,C048,North,P007,Desk Lamp,Home,1100,4,0.1,3960.0
O0101,2026-02-12,C013,North,P001,Wireless Earbuds,Electronics,1800,1,0,1800
O0102,2026-07-25,C091,South,P007,Desk Lamp,Home,1100,2,0,2200
O0103,2026-05-10,C075,South,P006,Water Bottle,Lifestyle,700,3,0,2100
O0104,2026-03-13,C015,West,P003,Running Shoes,Sports,2600,3,0.05,7410.0
O0105,2026-02-04,C043,North,P006,Water Bottle,Lifestyle,700,2,0,1400
O0106,2026-04-14,C027,South,P003,Running Shoes,Sports,2600,1,0,2600
O0107,2026-03-19,C061,East,P002,Power Bank,Electronics,1200,1,0,1200
O0108,2026-06-13,C080,West,P001,Wireless Earbuds,Electronics,1800,1,0.15,1530.0
O0109,2026-03-18,C044,West,P004,Yoga Mat,Sports,900,2,0.1,1620.0
O0110,2026-02-16,C069,South,P002,Power Bank,Electronics,1200,1,0.05,1140.0
O0111,2026-06-14,C028,South,P002,Power Bank,Electronics,1200,2,0.1,2160.0
O0112,2026-01-06,C015,West,P002,Power Bank,Electronics,1200,2,0,2400
O0113,2026-04-24,C052,South,P001,Wireless Earbuds,Electronics,1800,2,0.15,3060.0
O0114,2026-04-07,C002,West,P002,Power Bank,Electronics,1200,1,0,1200
O0115,2026-08-20,C044,West,P007,Desk Lamp,Home,1100,4,0.1,3960.0
O0116,2026-08-05,C013,North,P008,Notebook Set,Stationery,450,3,0,1350
O0117,2026-05-21,C077,West,P001,Wireless Earbuds,Electronics,1800,1,0,1800
O0118,2026-04-09,C061,East,P003,Running Shoes,Sports,2600,3,0.1,7020.0
O0119,2026-06-06,C077,West,P001,Wireless Earbuds,Electronics,1800,1,0.05,1710.0
O0120,2026-04-18,C037,East,P007,Desk Lamp,Home,1100,2,0,2200
O0121,2026-05-16,C037,East,P008,Notebook Set,Stationery,450,2,0.1,810.0
O0122,2026-08-26,C037,East,P005,Backpack,Lifestyle,1500,1,0,1500
O0123,2026-05-30,C006,West,P003,Running Shoes,Sports,2600,1,0.15,2210.0
O0124,2026-04-10,C007,South,P006,Water Bottle,Lifestyle,700,2,0,1400
O0125,2026-05-29,C093,North,P006,Water Bottle,Lifestyle,700,1,0,700
O0126,2026-04-20,C093,North,P008,Notebook Set,Stationery,450,1,0,450
O0127,2026-01-12,C067,North,P002,Power Bank,Electronics,1200,4,0.15,4080.0
O0128,2026-08-21,C060,East,P003,Running Shoes,Sports,2600,4,0,10400
O0129,2026-06-04,C091,South,P002,Power Bank,Electronics,1200,1,0.05,1140.0
O0130,2026-04-27,C016,South,P004,Yoga Mat,Sports,900,3,0,2700
O0131,2026-05-16,C020,North,P002,Power Bank,Electronics,1200,1,0,1200
O0132,2026-06-20,C054,West,P008,Notebook Set,Stationery,450,2,0.15,765.0
O0133,2026-05-30,C088,East,P007,Desk Lamp,Home,1100,1,0.15,935.0
O0134,2026-05-16,C018,North,P005,Backpack,Lifestyle,1500,2,0,3000
O0135,2026-05-04,C015,West,P005,Backpack,Lifestyle,1500,2,0.1,2700.0
O0136,2026-08-05,C046,East,P005,Backpack,Lifestyle,1500,1,0.15,1275.0
O0137,2026-07-05,C073,West,P004,Yoga Mat,Sports,900,2,0,1800
O0138,2026-02-18,C032,North,P004,Yoga Mat,Sports,900,3,0,2700
O0139,2026-06-10,C008,North,P001,Wireless Earbuds,Electronics,1800,1,0.05,1710.0
O0140,2026-01-07,C080,West,P001,Wireless Earbuds,Electronics,1800,1,0.1,1620.0
O0141,2026-03-13,C010,East,P002,Power Bank,Electronics,1200,3,0,3600
O0142,2026-05-21,C031,North,P006,Water Bottle,Lifestyle,700,1,0,700
O0143,2026-02-23,C044,West,P006,Water Bottle,Lifestyle,700,1,0,700
O0144,2026-08-03,C010,East,P002,Power Bank,Electronics,1200,1,0.1,1080.0
O0145,2026-08-03,C099,North,P004,Yoga Mat,Sports,900,1,0.15,765.0
O0146,2026-03-08,C050,North,P003,Running Shoes,Sports,2600,1,0.15,2210.0
O0147,2026-08-03,C077,West,P006,Water Bottle,Lifestyle,700,1,0.15,595.0
O0148,2026-07-31,C024,West,P007,Desk Lamp,Home,1100,2,0.1,1980.0
O0149,2026-01-25,C060,East,P006,Water Bottle,Lifestyle,700,1,0,700
O0150,2026-04-21,C073,West,P008,Notebook Set,Stationery,450,3,0.05,1282.5
O0151,2026-03-18,C100,East,P001,Wireless Earbuds,Electronics,1800,1,0,1800
O0152,2026-08-22,C085,South,P002,Power Bank,Electronics,1200,2,0.05,2280.0
O0153,2026-07-05,C098,East,P006,Water Bottle,Lifestyle,700,1,0,700
O0154,2026-02-26,C046,East,P006,Water Bottle,Lifestyle,700,1,0,700
O0155,2026-03-24,C091,South,P008,Notebook Set,Stationery,450,2,0.15,765.0
O0156,2026-08-22,C036,North,P008,Notebook Set,Stationery,450,2,0,900
O0157,2026-04-28,C041,North,P004,Yoga Mat,Sports,900,1,0.15,765.0
O0158,2026-08-18,C067,North,P004,Yoga Mat,Sports,900,1,0,900
O0159,2026-01-07,C047,West,P007,Desk Lamp,Home,1100,2,0,2200
O0160,2026-07-09,C073,West,P006,Water Bottle,Lifestyle,700,2,0.1,1260.0
O0161,2026-02-09,C076,South,P003,Running Shoes,Sports,2600,1,0.05,2470.0
O0162,2026-08-14,C037,East,P001,Wireless Earbuds,Electronics,1800,1,0,1800
O0163,2026-05-20,C021,South,P005,Backpack,Lifestyle,1500,4,0.15,5100.0
O0164,2026-08-04,C055,West,P002,Power Bank,Electronics,1200,2,0,2400
O0165,2026-07-21,C070,North,P002,Power Bank,Electronics,1200,1,0,1200
O0166,2026-07-08,C014,West,P006,Water Bottle,Lifestyle,700,1,0.15,595.0
O0167,2026-06-17,C019,North,P002,Power Bank,Electronics,1200,2,0.15,2040.0
O0168,2026-04-19,C032,North,P004,Yoga Mat,Sports,900,1,0.1,810.0
O0169,2026-03-28,C098,East,P008,Notebook Set,Stationery,450,1,0,450
O0170,2026-07-26,C043,North,P003,Running Shoes,Sports,2600,1,0.1,2340.0
O0171,2026-07-26,C093,North,P002,Power Bank,Electronics,1200,2,0,2400
O0172,2026-04-16,C097,West,P006,Water Bottle,Lifestyle,700,3,0.05,1995.0
O0173,2026-08-02,C012,North,P008,Notebook Set,Stationery,450,4,0.15,1530.0
O0174,2026-01-07,C068,South,P006,Water Bottle,Lifestyle,700,2,0,1400
O0175,2026-04-18,C054,West,P003,Running Shoes,Sports,2600,1,0,2600
O0176,2026-06-12,C049,North,P003,Running Shoes,Sports,2600,1,0.05,2470.0
O0177,2026-04-19,C068,South,P005,Backpack,Lifestyle,1500,1,0,1500
O0178,2026-05-01,C040,East,P002,Power Bank,Electronics,1200,1,0,1200
O0179,2026-07-18,C023,North,P001,Wireless Earbuds,Electronics,1800,2,0,3600
O0180,2026-05-30,C062,North,P001,Wireless Earbuds,Electronics,1800,1,0,1800
O0181,2026-02-17,C046,East,P004,Yoga Mat,Sports,900,2,0.1,1620.0
O0182,2026-07-03,C061,East,P004,Yoga Mat,Sports,900,1,0,900
O0183,2026-04-14,C023,North,P005,Backpack,Lifestyle,1500,2,0.1,2700.0
O0184,2026-05-03,C034,East,P008,Notebook Set,Stationery,450,3,0,1350
O0185,2026-06-19,C071,North,P002,Power Bank,Electronics,1200,1,0,1200
O0186,2026-04-13,C007,South,P004,Yoga Mat,Sports,900,4,0.05,3420.0
O0187,2026-05-16,C067,North,P005,Backpack,Lifestyle,1500,2,0,3000
O0188,2026-06-18,C031,North,P001,Wireless Earbuds,Electronics,1800,3,0,5400
O0189,2026-04-26,C032,North,P007,Desk Lamp,Home,1100,2,0,2200
O0190,2026-04-17,C021,South,P006,Water Bottle,Lifestyle,700,1,0.1,630.0
O0191,2026-02-03,C082,North,P005,Backpack,Lifestyle,1500,2,0,3000
O0192,2026-02-08,C074,West,P003,Running Shoes,Sports,2600,1,0,2600
O0193,2026-07-30,C017,North,P002,Power Bank,Electronics,1200,1,0.1,1080.0
O0194,2026-07-03,C068,South,P002,Power Bank,Electronics,1200,3,0.15,3060.0
O0195,2026-04-30,C011,South,P005,Backpack,Lifestyle,1500,1,0,1500
O0196,2026-04-17,C025,East,P002,Power Bank,Electronics,1200,2,0.05,2280.0
O0197,2026-02-23,C005,South,P007,Desk Lamp,Home,1100,2,0,2200
O0198,2026-08-01,C040,East,P006,Water Bottle,Lifestyle,700,1,0,700
O0199,2026-05-23,C040,East,P008,Notebook Set,Stationery,450,2,0,900
O0200,2026-04-03,C010,East,P003,Running Shoes,Sports,2600,1,0.05,2470.0
O0201,2026-06-23,C060,East,P002,Power Bank,Electronics,1200,2,0,2400
O0202,2026-08-10,C049,North,P008,Notebook Set,Stationery,450,1,0.1,405.0
O0203,2026-01-30,C059,South,P001,Wireless Earbuds,Electronics,1800,3,0.15,4590.0
O0204,2026-02-22,C079,South,P003,Running Shoes,Sports,2600,1,0.05,2470.0
O0205,2026-08-28,C070,North,P005,Backpack,Lifestyle,1500,4,0.05,5700.0
O0206,2026-05-23,C086,North,P002,Power Bank,Electronics,1200,1,0,1200
O0207,2026-04-07,C094,North,P002,Power Bank,Electronics,1200,1,0,1200
O0208,2026-05-25,C061,East,P006,Water Bottle,Lifestyle,700,1,0.05,665.0
O0209,2026-01-24,C014,West,P003,Running Shoes,Sports,2600,2,0,5200
O0210,2026-06-23,C081,West,P003,Running Shoes,Sports,2600,1,0.05,2470.0
O0211,2026-01-10,C060,East,P002,Power Bank,Electronics,1200,1,0,1200
O0212,2026-02-10,C016,South,P007,Desk Lamp,Home,1100,1,0,1100
O0213,2026-03-29,C055,West,P003,Running Shoes,Sports,2600,2,0,5200
O0214,2026-07-30,C089,North,P007,Desk Lamp,Home,1100,1,0.05,1045.0
O0215,2026-06-09,C002,West,P007,Desk Lamp,Home,1100,2,0,2200
O0216,2026-07-21,C032,North,P001,Wireless Earbuds,Electronics,1800,1,0,1800
O0217,2026-03-29,C040,East,P008,Notebook Set,Stationery,450,1,0.05,427.5
O0218,2026-02-22,C066,West,P006,Water Bottle,Lifestyle,700,2,0,1400
O0219,2026-06-06,C092,West,P003,Running Shoes,Sports,2600,1,0.1,2340.0
O0220,2026-08-20,C039,South,P004,Yoga Mat,Sports,900,1,0.1,810.0
O0221,2026-05-12,C019,North,P004,Yoga Mat,Sports,900,5,0.1,4050.0
O0222,2026-07-03,C091,South,P004,Yoga Mat,Sports,900,2,0,1800
O0223,2026-06-10,C085,South,P004,Yoga Mat,Sports,900,2,0,1800
O0224,2026-03-04,C062,North,P007,Desk Lamp,Home,1100,2,0,2200
O0225,2026-01-24,C047,West,P005,Backpack,Lifestyle,1500,1,0,1500
O0226,2026-04-26,C094,North,P003,Running Shoes,Sports,2600,1,0.1,2340.0
O0227,2026-05-20,C070,North,P002,Power Bank,Electronics,1200,2,0,2400
O0228,2026-02-13,C096,South,P006,Water Bottle,Lifestyle,700,2,0,1400
O0229,2026-08-28,C001,West,P005,Backpack,Lifestyle,1500,2,0,3000
O0230,2026-03-03,C098,East,P006,Water Bottle,Lifestyle,700,3,0,2100
O0231,2026-06-02,C071,North,P002,Power Bank,Electronics,1200,1,0.05,1140.0
O0232,2026-02-16,C085,South,P003,Running Shoes,Sports,2600,1,0.15,2210.0
O0233,2026-08-05,C095,South,P007,Desk Lamp,Home,1100,2,0.15,1870.0
O0234,2026-07-25,C098,East,P001,Wireless Earbuds,Electronics,1800,1,0.05,1710.0
O0235,2026-04-30,C005,South,P003,Running Shoes,Sports,2600,2,0,5200
O0236,2026-05-26,C052,South,P003,Running Shoes,Sports,2600,1,0,2600
O0237,2026-03-09,C032,North,P006,Water Bottle,Lifestyle,700,1,0,700
O0238,2026-07-04,C086,North,P003,Running Shoes,Sports,2600,1,0.05,2470.0
O0239,2026-06-03,C014,West,P008,Notebook Set,Stationery,450,1,0.1,405.0
O0240,2026-08-22,C089,North,P007,Desk Lamp,Home,1100,2,0.05,2090.0
O0241,2026-08-16,C060,East,P007,Desk Lamp,Home,1100,3,0,3300
O0242,2026-05-25,C015,West,P006,Water Bottle,Lifestyle,700,2,0.05,1330.0
O0243,2026-04-18,C004,South,P006,Water Bottle,Lifestyle,700,3,0,2100
O0244,2026-07-05,C079,South,P007,Desk Lamp,Home,1100,2,0.1,1980.0
O0245,2026-03-24,C097,West,P005,Backpack,Lifestyle,1500,3,0,4500
O0246,2026-03-04,C016,South,P008,Notebook Set,Stationery,450,1,0.05,427.5
O0247,2026-01-14,C061,East,P002,Power Bank,Electronics,1200,2,0,2400
O0248,2026-05-20,C040,East,P007,Desk Lamp,Home,1100,4,0,4400
O0249,2026-08-22,C094,North,P006,Water Bottle,Lifestyle,700,3,0.05,1995.0
O0250,2026-05-25,C022,South,P004,Yoga Mat,Sports,900,2,0.05,1710.0
O0251,2026-05-26,C016,South,P002,Power Bank,Electronics,1200,1,0,1200
O0252,2026-02-01,C069,South,P008,Notebook Set,Stationery,450,1,0,450
O0253,2026-07-06,C039,South,P001,Wireless Earbuds,Electronics,1800,1,0,1800
O0254,2026-04-23,C058,North,P007,Desk Lamp,Home,1100,1,0.15,935.0
O0255,2026-05-30,C030,West,P001,Wireless Earbuds,Electronics,1800,1,0.05,1710.0
O0256,2026-08-19,C041,North,P005,Backpack,Lifestyle,1500,1,0,1500
O0257,2026-08-28,C100,East,P008,Notebook Set,Stationery,450,3,0,1350
O0258,2026-03-17,C089,North,P001,Wireless Earbuds,Electronics,1800,1,0,1800
O0259,2026-08-19,C061,East,P001,Wireless Earbuds,Electronics,1800,1,0.15,1530.0
O0260,2026-05-24,C026,West,P004,Yoga Mat,Sports,900,1,0,900
O0261,2026-06-16,C014,West,P005,Backpack,Lifestyle,1500,2,0,3000
O0262,2026-08-19,C036,North,P007,Desk Lamp,Home,1100,2,0,2200
O0263,2026-03-27,C090,South,P008,Notebook Set,Stationery,450,1,0,450
O0264,2026-02-27,C040,East,P002,Power Bank,Electronics,1200,2,0,2400
O0265,2026-03-10,C024,West,P004,Yoga Mat,Sports,900,2,0,1800
O0266,2026-07-22,C035,West,P006,Water Bottle,Lifestyle,700,3,0.1,1890.0
O0267,2026-08-15,C015,West,P004,Yoga Mat,Sports,900,4,0,3600
O0268,2026-06-20,C029,East,P005,Backpack,Lifestyle,1500,1,0.15,1275.0
O0269,2026-01-24,C060,East,P002,Power Bank,Electronics,1200,1,0.1,1080.0
O0270,2026-01-19,C068,South,P001,Wireless Earbuds,Electronics,1800,1,0.1,1620.0
O0271,2026-03-14,C069,South,P005,Backpack,Lifestyle,1500,1,0.1,1350.0
O0272,2026-01-23,C022,South,P005,Backpack,Lifestyle,1500,5,0,7500
O0273,2026-03-04,C023,North,P005,Backpack,Lifestyle,1500,2,0,3000
O0274,2026-02-17,C020,North,P001,Wireless Earbuds,Electronics,1800,2,0.1,3240.0
O0275,2026-04-09,C001,West,P008,Notebook Set,Stationery,450,1,0,450
O0276,2026-05-23,C100,East,P006,Water Bottle,Lifestyle,700,1,0.05,665.0
O0277,2026-07-20,C005,South,P005,Backpack,Lifestyle,1500,2,0.15,2550.0
O0278,2026-06-25,C067,North,P003,Running Shoes,Sports,2600,2,0,5200
O0279,2026-01-29,C078,South,P007,Desk Lamp,Home,1100,1,0.05,1045.0
O0280,2026-05-21,C099,North,P005,Backpack,Lifestyle,1500,2,0.15,2550.0
O0281,2026-03-02,C034,East,P008,Notebook Set,Stationery,450,2,0.1,810.0
O0282,2026-06-04,C064,East,P005,Backpack,Lifestyle,1500,1,0.1,1350.0
O0283,2026-07-02,C007,South,P008,Notebook Set,Stationery,450,3,0,1350
O0284,2026-03-25,C020,North,P001,Wireless Earbuds,Electronics,1800,2,0.05,3420.0
O0285,2026-05-09,C057,West,P005,Backpack,Lifestyle,1500,3,0,4500
O0286,2026-01-19,C015,West,P003,Running Shoes,Sports,2600,2,0.1,4680.0
O0287,2026-05-29,C093,North,P004,Yoga Mat,Sports,900,2,0,1800
O0288,2026-03-21,C055,West,P001,Wireless Earbuds,Electronics,1800,2,0.1,3240.0
O0289,2026-07-09,C068,South,P005,Backpack,Lifestyle,1500,2,0.05,2850.0
O0290,2026-01-23,C084,West,P003,Running Shoes,Sports,2600,1,0,2600
O0291,2026-02-10,C064,East,P008,Notebook Set,Stationery,450,1,0.05,427.5
O0292,2026-04-30,C047,West,P004,Yoga Mat,Sports,900,2,0,1800
O0293,2026-02-02,C063,East,P003,Running Shoes,Sports,2600,1,0.05,2470.0
O0294,2026-05-14,C096,South,P001,Wireless Earbuds,Electronics,1800,1,0.05,1710.0
O0295,2026-08-16,C068,South,P003,Running Shoes,Sports,2600,1,0.1,2340.0
O0296,2026-03-18,C061,East,P007,Desk Lamp,Home,1100,4,0,4400
O0297,2026-06-24,C092,West,P004,Yoga Mat,Sports,900,1,0,900
O0298,2026-05-22,C031,North,P007,Desk Lamp,Home,1100,1,0,1100
O0299,2026-04-04,C040,East,P006,Water Bottle,Lifestyle,700,4,0.1,2520.0
O0300,2026-02-25,C006,West,P003,Running Shoes,Sports,2600,1,0.15,2210.0
O0301,2026-01-15,C095,South,P006,Water Bottle,Lifestyle,700,2,0.1,1260.0
O0302,2026-08-25,C023,North,P008,Notebook Set,Stationery,450,3,0,1350
O0303,2026-04-08,C049,North,P001,Wireless Earbuds,Electronics,1800,1,0,1800
O0304,2026-03-05,C024,West,P003,Running Shoes,Sports,2600,1,0.05,2470.0
O0305,2026-02-24,C077,West,P008,Notebook Set,Stationery,450,2,0.05,855.0
O0306,2026-04-25,C063,East,P003,Running Shoes,Sports,2600,3,0,7800
O0307,2026-05-19,C050,North,P007,Desk Lamp,Home,1100,1,0.15,935.0
O0308,2026-03-12,C047,West,P005,Backpack,Lifestyle,1500,2,0.1,2700.0
O0309,2026-02-16,C095,South,P005,Backpack,Lifestyle,1500,2,0.1,2700.0
O0310,2026-08-25,C084,West,P004,Yoga Mat,Sports,900,1,0,900
O0311,2026-01-15,C020,North,P006,Water Bottle,Lifestyle,700,1,0,700
O0312,2026-07-05,C016,South,P001,Wireless Earbuds,Electronics,1800,5,0.05,8550.0
O0313,2026-04-26,C011,South,P007,Desk Lamp,Home,1100,1,0.1,990.0
O0314,2026-06-21,C008,North,P005,Backpack,Lifestyle,1500,1,0,1500
O0315,2026-05-06,C006,West,P004,Yoga Mat,Sports,900,1,0.1,810.0
O0316,2026-02-02,C005,South,P004,Yoga Mat,Sports,900,1,0.05,855.0
O0317,2026-05-03,C070,North,P003,Running Shoes,Sports,2600,2,0.1,4680.0
O0318,2026-03-08,C041,North,P008,Notebook Set,Stationery,450,2,0,900
O0319,2026-08-14,C027,South,P005,Backpack,Lifestyle,1500,2,0.05,2850.0
O0320,2026-04-14,C018,North,P007,Desk Lamp,Home,1100,2,0,2200
O0321,2026-02-27,C014,West,P005,Backpack,Lifestyle,1500,1,0.1,1350.0
O0322,2026-02-25,C018,North,P001,Wireless Earbuds,Electronics,1800,3,0.15,4590.0
O0323,2026-06-11,C062,North,P001,Wireless Earbuds,Electronics,1800,3,0.15,4590.0
O0324,2026-03-18,C085,South,P002,Power Bank,Electronics,1200,3,0,3600
O0325,2026-05-23,C089,North,P006,Water Bottle,Lifestyle,700,2,0,1400
O0326,2026-03-02,C081,West,P005,Backpack,Lifestyle,1500,1,0.05,1425.0
O0327,2026-01-31,C051,South,P008,Notebook Set,Stationery,450,1,0.05,427.5
O0328,2026-08-27,C043,North,P005,Backpack,Lifestyle,1500,1,0,1500
O0329,2026-02-26,C021,South,P007,Desk Lamp,Home,1100,1,0,1100
O0330,2026-03-31,C086,North,P004,Yoga Mat,Sports,900,2,0.15,1530.0
O0331,2026-03-29,C055,West,P003,Running Shoes,Sports,2600,1,0,2600
O0332,2026-06-29,C071,North,P005,Backpack,Lifestyle,1500,2,0,3000
O0333,2026-08-20,C051,South,P002,Power Bank,Electronics,1200,1,0,1200
O0334,2026-08-22,C052,South,P005,Backpack,Lifestyle,1500,1,0.05,1425.0
O0335,2026-08-05,C075,South,P005,Backpack,Lifestyle,1500,1,0,1500
O0336,2026-08-15,C033,West,P002,Power Bank,Electronics,1200,1,0,1200
O0337,2026-03-24,C048,North,P005,Backpack,Lifestyle,1500,1,0.15,1275.0
O0338,2026-08-16,C024,West,P008,Notebook Set,Stationery,450,1,0,450
O0339,2026-08-18,C047,West,P001,Wireless Earbuds,Electronics,1800,2,0,3600
O0340,2026-07-17,C010,East,P001,Wireless Earbuds,Electronics,1800,2,0.05,3420.0
O0341,2026-06-06,C054,West,P002,Power Bank,Electronics,1200,1,0.05,1140.0
O0342,2026-08-14,C058,North,P007,Desk Lamp,Home,1100,4,0.05,4180.0
O0343,2026-01-10,C018,North,P005,Backpack,Lifestyle,1500,1,0,1500
O0344,2026-05-02,C003,West,P003,Running Shoes,Sports,2600,2,0,5200
O0345,2026-02-28,C034,East,P004,Yoga Mat,Sports,900,1,0,900
O0346,2026-08-26,C070,North,P007,Desk Lamp,Home,1100,1,0.1,990.0
O0347,2026-05-07,C084,West,P002,Power Bank,Electronics,1200,2,0.1,2160.0
O0348,2026-08-15,C089,North,P006,Water Bottle,Lifestyle,700,1,0,700
O0349,2026-08-15,C003,West,P006,Water Bottle,Lifestyle,700,3,0,2100
O0350,2026-06-28,C051,South,P003,Running Shoes,Sports,2600,4,0,10400
O0351,2026-02-10,C043,North,P008,Notebook Set,Stationery,450,3,0,1350
O0352,2026-04-05,C054,West,P005,Backpack,Lifestyle,1500,1,0.15,1275.0
O0353,2026-05-17,C064,East,P004,Yoga Mat,Sports,900,2,0,1800
O0354,2026-03-25,C091,South,P003,Running Shoes,Sports,2600,3,0.15,6630.0
O0355,2026-02-02,C009,West,P002,Power Bank,Electronics,1200,3,0.15,3060.0
O0356,2026-03-21,C015,West,P008,Notebook Set,Stationery,450,2,0.15,765.0
O0357,2026-05-04,C006,West,P003,Running Shoes,Sports,2600,2,0.05,4940.0
O0358,2026-08-11,C062,North,P001,Wireless Earbuds,Electronics,1800,1,0.05,1710.0
O0359,2026-05-10,C095,South,P007,Desk Lamp,Home,1100,1,0.15,935.0
O0360,2026-03-06,C048,North,P006,Water Bottle,Lifestyle,700,1,0,700
O0361,2026-08-04,C073,West,P003,Running Shoes,Sports,2600,2,0.05,4940.0
O0362,2026-06-14,C091,South,P003,Running Shoes,Sports,2600,2,0,5200
O0363,2026-07-25,C021,South,P003,Running Shoes,Sports,2600,1,0.1,2340.0
O0364,2026-06-21,C038,East,P004,Yoga Mat,Sports,900,2,0,1800
O0365,2026-05-01,C075,South,P003,Running Shoes,Sports,2600,1,0,2600
O0366,2026-04-18,C033,West,P007,Desk Lamp,Home,1100,1,0.15,935.0
O0367,2026-02-05,C007,South,P003,Running Shoes,Sports,2600,2,0,5200
O0368,2026-08-11,C006,West,P004,Yoga Mat,Sports,900,1,0.15,765.0
O0369,2026-05-18,C016,South,P007,Desk Lamp,Home,1100,1,0,1100
O0370,2026-08-02,C070,North,P008,Notebook Set,Stationery,450,1,0,450
O0371,2026-03-21,C057,West,P005,Backpack,Lifestyle,1500,1,0.15,1275.0
O0372,2026-06-08,C053,North,P003,Running Shoes,Sports,2600,5,0.05,12350.0
O0373,2026-06-22,C089,North,P004,Yoga Mat,Sports,900,2,0,1800
O0374,2026-04-24,C023,North,P002,Power Bank,Electronics,1200,2,0,2400
O0375,2026-08-14,C063,East,P007,Desk Lamp,Home,1100,1,0,1100
O0376,2026-08-15,C003,West,P005,Backpack,Lifestyle,1500,2,0,3000
O0377,2026-03-12,C081,West,P007,Desk Lamp,Home,1100,1,0,1100
O0378,2026-01-21,C062,North,P004,Yoga Mat,Sports,900,1,0,900
O0379,2026-05-24,C007,South,P003,Running Shoes,Sports,2600,1,0,2600
O0380,2026-06-21,C011,South,P001,Wireless Earbuds,Electronics,1800,1,0.05,1710.0
O0381,2026-02-05,C026,West,P007,Desk Lamp,Home,1100,1,0.05,1045.0
O0382,2026-03-31,C072,North,P007,Desk Lamp,Home,1100,2,0,2200
O0383,2026-05-21,C079,South,P005,Backpack,Lifestyle,1500,1,0,1500
O0384,2026-08-10,C032,North,P008,Notebook Set,Stationery,450,2,0.15,765.0
O0385,2026-01-13,C023,North,P001,Wireless Earbuds,Electronics,1800,4,0.1,6480.0
O0386,2026-01-31,C087,East,P002,Power Bank,Electronics,1200,1,0,1200
O0387,2026-07-12,C072,North,P005,Backpack,Lifestyle,1500,1,0.05,1425.0
O0388,2026-01-03,C027,South,P002,Power Bank,Electronics,1200,4,0,4800
O0389,2026-07-16,C068,South,P005,Backpack,Lifestyle,1500,3,0.15,3825.0
O0390,2026-05-07,C052,South,P005,Backpack,Lifestyle,1500,3,0.15,3825.0
O0391,2026-07-16,C099,North,P002,Power Bank,Electronics,1200,4,0.05,4560.0
O0392,2026-04-13,C091,South,P007,Desk Lamp,Home,1100,1,0.1,990.0
O0393,2026-01-07,C002,West,P003,Running Shoes,Sports,2600,1,0.05,2470.0
O0394,2026-07-05,C048,North,P005,Backpack,Lifestyle,1500,3,0,4500
O0395,2026-06-10,C082,North,P008,Notebook Set,Stationery,450,1,0,450
O0396,2026-01-18,C084,West,P006,Water Bottle,Lifestyle,700,2,0,1400
O0397,2026-03-27,C028,South,P003,Running Shoes,Sports,2600,1,0.15,2210.0
O0398,2026-02-03,C070,North,P005,Backpack,Lifestyle,1500,2,0,3000
O0399,2026-03-30,C014,West,P003,Running Shoes,Sports,2600,1,0,2600
O0400,2026-02-16,C056,West,P001,Wireless Earbuds,Electronics,1800,1,0.1,1620.0
O0401,2026-01-14,C052,South,P002,Power Bank,Electronics,1200,1,0.1,1080.0
O0402,2026-08-04,C098,East,P004,Yoga Mat,Sports,900,1,0,900
O0403,2026-03-24,C009,West,P002,Power Bank,Electronics,1200,2,0,2400
O0404,2026-04-21,C061,East,P004,Yoga Mat,Sports,900,1,0.15,765.0
O0405,2026-08-16,C023,North,P005,Backpack,Lifestyle,1500,1,0.05,1425.0
O0406,2026-08-24,C042,North,P003,Running Shoes,Sports,2600,2,0.1,4680.0
O0407,2026-01-03,C019,North,P007,Desk Lamp,Home,1100,3,0,3300
O0408,2026-02-24,C079,South,P006,Water Bottle,Lifestyle,700,3,0.15,1785.0
O0409,2026-06-10,C055,West,P002,Power Bank,Electronics,1200,1,0.15,1020.0
O0410,2026-06-26,C096,South,P008,Notebook Set,Stationery,450,1,0.05,427.5
O0411,2026-04-18,C050,North,P004,Yoga Mat,Sports,900,1,0.1,810.0
O0412,2026-05-27,C006,West,P001,Wireless Earbuds,Electronics,1800,2,0.05,3420.0
O0413,2026-04-25,C037,East,P001,Wireless Earbuds,Electronics,1800,2,0,3600
O0414,2026-02-08,C069,South,P008,Notebook Set,Stationery,450,1,0,450
O0415,2026-07-08,C080,West,P006,Water Bottle,Lifestyle,700,1,0.05,665.0
O0416,2026-05-22,C052,South,P001,Wireless Earbuds,Electronics,1800,3,0,5400
O0417,2026-07-12,C063,East,P002,Power Bank,Electronics,1200,1,0.15,1020.0
O0418,2026-07-22,C019,North,P002,Power Bank,Electronics,1200,2,0.1,2160.0
O0419,2026-03-06,C034,East,P002,Power Bank,Electronics,1200,1,0,1200
O0420,2026-07-02,C044,West,P005,Backpack,Lifestyle,1500,2,0,3000
O0421,2026-04-27,C027,South,P001,Wireless Earbuds,Electronics,1800,3,0,5400
O0422,2026-05-06,C036,North,P004,Yoga Mat,Sports,900,1,0.1,810.0
O0423,2026-04-23,C097,West,P008,Notebook Set,Stationery,450,3,0,1350
O0424,2026-07-24,C064,East,P001,Wireless Earbuds,Electronics,1800,2,0.1,3240.0
O0425,2026-08-20,C009,West,P003,Running Shoes,Sports,2600,3,0,7800
O0426,2026-01-26,C043,North,P001,Wireless Earbuds,Electronics,1800,4,0,7200
O0427,2026-08-02,C037,East,P002,Power Bank,Electronics,1200,1,0.1,1080.0
O0428,2026-04-10,C004,South,P008,Notebook Set,Stationery,450,3,0,1350
O0429,2026-01-23,C084,West,P004,Yoga Mat,Sports,900,2,0,1800
O0430,2026-08-13,C094,North,P004,Yoga Mat,Sports,900,2,0.05,1710.0
O0431,2026-04-07,C002,West,P006,Water Bottle,Lifestyle,700,2,0.15,1190.0
O0432,2026-03-13,C085,South,P004,Yoga Mat,Sports,900,2,0,1800
O0433,2026-07-16,C017,North,P003,Running Shoes,Sports,2600,2,0.05,4940.0
O0434,2026-01-11,C017,North,P005,Backpack,Lifestyle,1500,1,0,1500
O0435,2026-06-06,C080,West,P006,Water Bottle,Lifestyle,700,1,0,700
O0436,2026-01-18,C089,North,P004,Yoga Mat,Sports,900,2,0,1800
O0437,2026-08-11,C040,East,P007,Desk Lamp,Home,1100,1,0,1100
O0438,2026-06-11,C035,West,P007,Desk Lamp,Home,1100,1,0.1,990.0
O0439,2026-04-15,C036,North,P008,Notebook Set,Stationery,450,1,0,450
O0440,2026-01-25,C045,North,P007,Desk Lamp,Home,1100,1,0.1,990.0
O0441,2026-01-31,C037,East,P002,Power Bank,Electronics,1200,3,0,3600
O0442,2026-08-07,C011,South,P008,Notebook Set,Stationery,450,1,0.05,427.5
O0443,2026-04-10,C026,West,P007,Desk Lamp,Home,1100,2,0.05,2090.0
O0444,2026-06-13,C009,West,P006,Water Bottle,Lifestyle,700,1,0,700
O0445,2026-05-30,C057,West,P005,Backpack,Lifestyle,1500,1,0.15,1275.0
O0446,2026-01-04,C087,East,P004,Yoga Mat,Sports,900,1,0,900
O0447,2026-02-03,C076,South,P005,Backpack,Lifestyle,1500,1,0,1500
O0448,2026-03-29,C014,West,P002,Power Bank,Electronics,1200,2,0,2400
O0449,2026-04-27,C027,South,P002,Power Bank,Electronics,1200,2,0,2400
O0450,2026-04-06,C004,South,P006,Water Bottle,Lifestyle,700,5,0,3500
O0451,2026-06-21,C082,North,P003,Running Shoes,Sports,2600,1,0,2600
O0452,2026-02-13,C060,East,P006,Water Bottle,Lifestyle,700,1,0.15,595.0
O0453,2026-06-05,C008,North,P004,Yoga Mat,Sports,900,4,0.05,3420.0
O0454,2026-04-21,C030,West,P002,Power Bank,Electronics,1200,5,0,6000
O0455,2026-04-29,C084,West,P007,Desk Lamp,Home,1100,2,0,2200
O0456,2026-05-13,C075,South,P004,Yoga Mat,Sports,900,1,0,900
O0457,2026-05-12,C051,South,P002,Power Bank,Electronics,1200,2,0,2400
O0458,2026-01-01,C022,South,P005,Backpack,Lifestyle,1500,2,0.15,2550.0
O0459,2026-05-02,C100,East,P002,Power Bank,Electronics,1200,1,0,1200
O0460,2026-01-05,C048,North,P006,Water Bottle,Lifestyle,700,4,0,2800
O0461,2026-01-28,C045,North,P007,Desk Lamp,Home,1100,2,0.1,1980.0
O0462,2026-01-29,C100,East,P002,Power Bank,Electronics,1200,1,0.1,1080.0
O0463,2026-05-25,C016,South,P002,Power Bank,Electronics,1200,2,0,2400
O0464,2026-06-19,C012,North,P005,Backpack,Lifestyle,1500,1,0,1500
O0465,2026-03-05,C076,South,P007,Desk Lamp,Home,1100,1,0,1100
O0466,2026-05-31,C058,North,P003,Running Shoes,Sports,2600,2,0.05,4940.0
O0467,2026-02-05,C014,West,P003,Running Shoes,Sports,2600,1,0.1,2340.0
O0468,2026-05-15,C023,North,P007,Desk Lamp,Home,1100,2,0.15,1870.0
O0469,2026-01-31,C053,North,P001,Wireless Earbuds,Electronics,1800,1,0,1800
O0470,2026-07-08,C095,South,P007,Desk Lamp,Home,1100,1,0.1,990.0
O0471,2026-06-08,C004,South,P007,Desk Lamp,Home,1100,1,0,1100
O0472,2026-08-22,C070,North,P001,Wireless Earbuds,Electronics,1800,1,0,1800
O0473,2026-01-21,C028,South,P005,Backpack,Lifestyle,1500,2,0.15,2550.0
O0474,2026-08-24,C054,West,P006,Water Bottle,Lifestyle,700,3,0,2100
O0475,2026-06-17,C072,North,P003,Running Shoes,Sports,2600,2,0.1,4680.0
O0476,2026-08-26,C013,North,P007,Desk Lamp,Home,1100,2,0,2200
O0477,2026-07-09,C077,West,P005,Backpack,Lifestyle,1500,1,0,1500
O0478,2026-04-20,C062,North,P007,Desk Lamp,Home,1100,1,0.05,1045.0
O0479,2026-03-27,C058,North,P002,Power Bank,Electronics,1200,1,0.1,1080.0
O0480,2026-01-16,C021,South,P007,Desk Lamp,Home,1100,2,0.05,2090.0
O0481,2026-07-29,C029,East,P002,Power Bank,Electronics,1200,2,0,2400
O0482,2026-03-22,C047,West,P008,Notebook Set,Stationery,450,4,0.1,1620.0
O0483,2026-07-11,C068,South,P008,Notebook Set,Stationery,450,2,0,900
O0484,2026-04-15,C076,South,P002,Power Bank,Electronics,1200,1,0.1,1080.0
O0485,2026-04-02,C032,North,P006,Water Bottle,Lifestyle,700,4,0.15,2380.0
O0486,2026-04-05,C039,South,P004,Yoga Mat,Sports,900,2,0.1,1620.0
O0487,2026-01-15,C041,North,P003,Running Shoes,Sports,2600,1,0.1,2340.0
O0488,2026-07-14,C097,West,P006,Water Bottle,Lifestyle,700,1,0,700
O0489,2026-02-24,C033,West,P005,Backpack,Lifestyle,1500,3,0.05,4275.0
O0490,2026-06-15,C048,North,P007,Desk Lamp,Home,1100,1,0.1,990.0
O0491,2026-06-24,C013,North,P002,Power Bank,Electronics,1200,1,0,1200
O0492,2026-08-01,C033,West,P006,Water Bottle,Lifestyle,700,1,0,700
O0493,2026-07-29,C020,North,P005,Backpack,Lifestyle,1500,2,0,3000
O0494,2026-07-15,C063,East,P001,Wireless Earbuds,Electronics,1800,1,0,1800
O0495,2026-05-22,C018,North,P006,Water Bottle,Lifestyle,700,2,0,1400
O0496,2026-06-07,C088,East,P004,Yoga Mat,Sports,900,2,0,1800
O0497,2026-07-30,C095,South,P008,Notebook Set,Stationery,450,1,0.15,382.5
O0498,2026-06-10,C010,East,P003,Running Shoes,Sports,2600,2,0.05,4940.0
O0499,2026-06-25,C097,West,P003,Running Shoes,Sports,2600,1,0.05,2470.0
O0500,2026-06-23,C056,West,P002,Power Bank,Electronics,1200,1,0.15,1020.0
